pls,fk_score,ari_score,reference,abstract
"Für viele Menschen ist das Smartphone zum alltäglichen Begleiter geworden. Auf dem kleinen Bildschirm scrollen sie durch soziale Medien, checken E-Mails und lesen Nachrichten, egal wo sie sich gerade befinden. Wie wirkt sich das auf die kognitive Verarbeitung der Inhalte aus? Eine Studie zeigt nun, dass routinemäßige Smartphone-Nutzer Informationen auf dem Smartphone in kürzerer Zeit verarbeiten als am PC. Allerdings sind sie dabei weniger wachsam gegenüber Fehlinformationen.
Smartphones ermöglichen, eine Vielzahl von Inhalten zu konsumieren, von Unterhaltung und Kommunikation bis hin zu beruflichen Informationen, egal ob zu Hause oder unterwegs. Inzwischen sind viele Menschen häufiger mit dem Smartphone online als mit dem PC. Im Vergleich zu Laptops und Desktop-Computern haben Smartphones einen kleineren Bildschirm, andere Eingabemöglichkeiten und werden üblicherweise in variableren Situationen genutzt. Ob sich diese Unterschiede auch darin spiegeln, wie Nutzer die konsumierten Inhalte kognitiv verarbeiten, ist bislang aber weitgehend unbekannt.
Ein Team um Mengqi Liao von der Pennsylvania State University hat nun in zwei Feldversuchen verglichen, wie der Gerätetyp die Verarbeitung und Bewertung von Informationen beeinflusst. Bei beiden Experimenten füllten die Teilnehmenden eine Online-Umfrage auf ihrem eigenen Gerät außerhalb des Labors aus – mit allen Ablenkungen, die dabei zufälligerweise auftraten. Das Forschungsteam teilte die Teilnehmenden zu Beginn zufällig in die Smartphone- oder die PC-Gruppe ein und wies sie an, den Fragebogen auf dem jeweiligen Gerät zu bearbeiten.
„Normalerweise versuchen wir bei der Durchführung von Studien, so viele externe Faktoren wie möglich zu kontrollieren, aber in diesem Fall haben wir Feldexperimente durchgeführt, weil wir die Unterschiede in der Informationsverarbeitung zwischen den beiden verschiedenen Geräten auf natürliche Weise testen wollten, indem wir alle Geräusche und Ablenkungen einbeziehen, denen die Menschen bei ihrer täglichen Nutzung begegnen“, erklärt Liao.
Am ersten Feldversuch nahmen 116 Probanden teil, die über die Plattform Amazon Mechanical Turk rekrutiert wurden. Sie erhielten jeweils zwei seriöse E-Mails, in denen es um eine Konzertankündigung und ein Online-Seminar zum Thema COVID-19 ging, sowie zwei Spam-Mails, die dazu aufforderten, die Amazon-Kontoinformationen zu verifizieren und Steuerdaten anzugeben, um eine angebliche Rückzahlung zu erhalten. Außerdem sahen sie mehrere Bilder. Per Fragebogen erfassten die Forschenden, wie gut sich die Testpersonen an Details der E-Mails und Bilder erinnern konnten, und ob sie gegenüber den Spam-Mails misstrauisch geworden waren.
„Bei diesem Versuch fanden wir keine großen Unterschiede zwischen den beiden Geräten in Bezug auf die Informationsverarbeitung, abgesehen von der Tatsache, dass mobile Nutzer Informationen schneller verarbeiten“, berichtet Liao. Da die Smartphone-Nutzer ähnlich viele Informationen behielten wie die PC-Nutzer, sich insgesamt aber kürzer mit den einzelnen Inhalten beschäftigten, folgern die Forschenden, dass die Informationsverarbeitung am Smartphone effizienter sein kann als am PC.
Der zweite Feldversuch offenbarte allerdings auch Fallstricke bei der Smartphone-Nutzung. Wie im ersten Versuch bekamen die Probanden – dieses Mal 241 Studierende – seriöse und Spam-Mails. Statt der Bilder erhielten sie eine von sechs journalistisch aufbereiteten Nachrichten mit einer Falschmeldung – etwa die Behauptung, dass die ehemalige US-Präsidentschaftskandidatin Hillary Clinton verhaftet worden sei oder dass ein Profiboxer nach einer Covid-19-Impfung auf der Intensivstation behandelt werden musste. Dabei erhoben die Forschenden, wie viel Zeit die Testpersonen den einzelnen Inhalten widmeten, wie skeptisch sie sich bei einer anschließenden Befragung gegenüber den Falschinformationen zeigten und ob sie auf die gefälschten Links in den Spam-Mails klickten.
„Bei diesem Versuch war es wahrscheinlicher, dass wir schädliche Auswirkungen beobachten, wenn Menschen Informationen oberflächlich verarbeiten“, sagt Liao. Tatsächlich zeigten sich signifikante Unterschiede zwischen der Smartphone- und der PC-Gruppe: Wer die Falschnachrichten am Smartphone gelesen hatte, gab im Anschluss deutlich seltener an, die Informationen noch einmal nachprüfen zu wollen, bevor sie sie mit anderen teilen. Die Laptop-Nutzer erwiesen sich dagegen bei Phishing-Mails als unvorsichtiger. Deutlich häufiger als die Smartphone-Nutzer klickten sie unbedarft potenziell schädliche Links an.
„Die Einstellung bei Mobiltelefonen scheint zu sein, dass man weniger geneigt ist, Informationen weiterzuverfolgen, da es aufwendig ist, dafür beispielsweise von einer App zur anderen zu wechseln, während man bei E-Mails auf einem PC im Arbeitsmodus ist und sich vielleicht in die Tiefe begeben möchte“, sagte Liaos Kollege Shyam Sundar. „Das ist vielleicht der Grund, warum mobile Nutzer schnell Fehlinformationen weitergeben, ohne sich die Mühe zu machen, die Informationen zunächst zu überprüfen, und PC-Nutzer dazu neigen, auf Links zu klicken, auf die sie nicht klicken sollten.“ Denkbar sei zudem, dass sich PC-Nutzer stark auf ihre Anti-Viren-Software verlassen und deshalb weniger vorsichtig sind, welche Links sie anklicken.
„Angesichts der vielen Fehlinformationen im Internet wird es immer dringender, dass wir die Nutzer über diese Risiken aufklären“, so Liao. „Als PC-Nutzer sollte man nicht auf einen neuen Link klicken, nur weil es bequem ist, denn das kann zu gefährlichen Ergebnissen führen. Und da Mobiltelefone die Wachsamkeit einschränken können, sollte man vielleicht etwas langsamer und vorsichtiger sein, wenn man Informationen auf diesen Geräten verarbeitet.“","score: 16.612480246523386, grade_level: '17'","score: 19.856277654867263, grade_levels: ['college_graduate'], ages: [24, 100]",10.1177/14614448231209475,"Do people process information differently on mobile phones compared to computers? We investigate this question by conducting two online field experiments. We randomly assigned participants to use their mobile phones or personal computers (PCs) to process different kinds of information. Study 1 ( N = 116) discovered that participants using mobile phones process emails more efficiently (i.e., spend less time) than those using PCs. Study 2 ( N = 241) extended this to online deceptive content and found that individuals using mobile phones, especially habitual users, are more efficient, but engage in less information processing, are less attentive and less vigilant about misinformation, compared to those using PCs. However, the latter are more likely to succumb to phishing emails by clicking on malicious links. We discuss theoretical implications for information processing across media devices and practical implications for combating misinformation and cybersecurity attacks."
"Ein Appetitzügler der mechanischen Art: Forscher haben eine elektronische Kapsel entwickelt, die nach der Einnahme durch Vibrationen im Magen ein Sättigungsgefühl auslöst. Bei Tests an Schweinen konnten die Kapseln die Nahrungsaufnahme um 40 Prozent reduzieren, waren gut verträglich und wurden problemlos wieder ausgeschieden. Das Konzept könnte vor allem für stark übergewichtige Menschen eine minimalinvasive Behandlungs-Alternative gegenüber Medikamenten oder chirurgischen Eingriffen darstellen. Durch die relativ unkomplizierte Technik wären die Kapseln dazu auch für eine preisgünstige Massenproduktion geeignet, sagen die Entwickler.

Viele bringen ein bisschen zu viel auf die Waage – doch bei einigen Menschen nimmt dies bekanntlich krankhafte Formen an: Schätzungen zufolge sind weltweit etwa 650 Millionen Personen von Fettleibigkeit betroffen. Dies ist mit einem deutlich erhöhten Risiko für eine Reihe von Gesundheitsproblemen wie Herz-Kreislauf-Erkrankungen, Diabetes und bestimmten Krebsformen verbunden. Die Fettleibigkeit kann dabei verschiedene Ursachen haben, häufig liegt aber eine dauerhaft überhöhte Nahrungsaufnahme zugrunde. Dabei bleiben Verhaltenstherapien zur Änderung der Essgewohnheiten oft erfolglos – viele Betroffene können dem starken Ess-Drang schwer widerstehen. In solchen Fällen werden dann appetitzügelnde Medikamente eingesetzt oder sogar sogenannte chirurgische Eingriffe durchgeführt, bei der die Magenkapazität eingeschränkt wird. Beide Ansätze sind aber mit Nebenwirkungen verbunden und für viele Betroffene zu teuer.
Vor diesem Hintergrund haben die Forscher um Shriya Srinivasan vom Massachusetts Institute of Technology (MIT) in Cambridge nun ein Konzept entwickelt, das auf einem Regulationsfaktor für das natürliche Sättigungsgefühl basiert. Spezialisierte Zellen nehmen dabei die Dehnung des Magens bei einer Mahlzeit wahr. Ab einem gewissen Niveau vermitteln diese Mechanorezeptoren dann über den Vagusnerv das Signal an das Gehirn, dass es nun genug ist. Anschließend werden Signalstoffe und Hormone ausgeschüttet, die der Verdauung dienen und ein Sättigungsgefühl auslösen. Gleichzeitig wird zudem der Spiegel eines appetitfördernden Hormons gesenkt.
Auf die Idee zu der Vibrations-Kapsel kamen Srinivasan und ihre Kollegen aufgrund von früheren Untersuchungen, denen zufolge Vibrationen bei Muskeln das Gefühl hervorrufen können, dass sie sich weiter gedehnt haben, als es tatsächlich der Fall ist. „Ich habe mich deshalb gefragt, ob wir auch die Dehnungsrezeptoren im Magen durch Vibration aktivieren könnten, um ihnen vorzugaukeln, dass eine starke Dehnung vorliegt“, sagt Srinivasan.
Um diesen Effekt auszulösen, nutzen die Forscher eine Technologie, die momentan auch für andere Anwendungen am MIT entwickelt wird: Schluckbare Kapseln, die durch elektronische Einheiten bestimmte Funktionen im Körper erfüllen können. Für das aktuelle Anwendungsziel hat das Team nun eine Kapsel von der Größe eines Multivitaminpräparats entwickelt, die ein vibrierendes Element enthält, das von einer kleinen Silberoxidbatterie angetrieben wird. Wenn die Kapsel den Magen erreicht, lösen die Magenflüssigkeiten eine Membran auf, wodurch ein elektronischer Schaltkreis geschlossen wird, der den Vibrationsmotor aktiviert. Bei der bisherigen Testversion läuft er dann 30 Minuten lang.
Inwieweit sich dadurch tatsächlich ein appetitzügelnder Effekt erreichen lässt, haben die Wissenschaftler an Schweinen untersucht. Zunächst zeigten dabei Blutuntersuchungen: Sobald die Kapseln im leeren Magen der Versuchstiere zu vibrieren begannen, stellten die Forscher Hormonausschüttungsmuster fest, wie sie typischerweise nach einer Mahlzeit beobachtet werden. Anschließend testeten die Forscher die Auswirkungen dieses Effekts auf den Appetit der Versuchstiere. Dabei zeigte sich: Wenn die Pille etwa 20 Minuten lang vor dem Futterangebot aktiviert wurde, verspeisten die Tiere im Durchschnitt 40 Prozent weniger, als wenn die Kapsel inaktiv im Magen lag. Die Untersuchung ergab außerdem, dass die Schweine keine Anzeichen von Verstopfung oder sonstigen negativen Auswirkungen durch die Kapseln zeigten: Diese passierten den Verdauungstrakt problemlos und wurden anschließend ausgeschieden.
„Es zeichnet sich eine intensive Wirkung auf das Essverhalten ab, und zwar durch die Nutzung des natürlichen Sättigungs-Systems statt eines exogenen Therapeutikums oder Eingriffs“, resümiert Seniorautor Giovanni Traverso vom MIT. Somit könnte sich aus dem System eine sinnvolle Alternative für die bisherigen Behandlungsansätze bei hartnäckigem Übergewicht entwickeln. „Für viele Bevölkerungsgruppen sind einige der Therapien gegen Fettleibigkeit sehr kostspielig. Im großen Maßstab könnte unser Gerät dagegen zu einem recht kostengünstigen Preis hergestellt werden“, sagt Srinivasan. „Konkret könnten dann also Personen, die abnehmen oder ihren Appetit kontrollieren möchten, vor jeder Mahlzeit eine solche Kapsel einnehmen“, so die Wissenschaftlerin.
Bis dahin ist allerdings weitere Entwicklungsarbeit nötig: Vor allem müssen nun Verträglichkeit und Effektivität des Konzepts beim Menschen ausgetestet werden, betonen die Forscher abschließend.","score: 15.875076624815364, grade_level: '16'","score: 19.912704025110777, grade_levels: ['college_graduate'], ages: [24, 100]",10.1126/sciadv.adj3003,"Effective therapies for obesity require invasive surgical and endoscopic interventions or high patient adherence, making it challenging for patients with obesity to effectively manage their disease. Gastric mechanoreceptors sense distension of the stomach and perform volume-dependent vagal signaling to initiate the gastric phase and influence satiety. In this study, we developed a new luminal stimulation modality to specifically activate these gastric stretch receptors to elicit a vagal afferent response commensurate with mechanical distension. We designed the Vibrating Ingestible BioElectronic Stimulator (VIBES) pill, an ingestible device that performs luminal vibratory stimulation to activate mechanoreceptors and stroke mucosal receptors, which induces serotonin release and yields a hormonal metabolic response commensurate with a fed state. We evaluated VIBES across 108 meals in swine which consistently led to diminished food intake (~40%, P < 0.0001) and minimized the weight gain rate ( P < 0.05) as compared to untreated controls. Application of mechanoreceptor biology could transform our capacity to help patients suffering from nutritional disorders."
"Eisbären sind für ihr wärmendes Fell bekannt, das sie selbst bei tiefem Frost vor Kälte schützt. Jetzt haben Forschende eine neuartige Faser aus einem Aerogel-Material entwickelt, das ähnlich gut wärmeisolierend wirkt wie das Eisbärfell. Anders als bisherige Aerogele ist das neue Material zudem strapazierfähig und dehnbar zugleich, wie die Wissenschaftler demonstrieren. Dadurch kann es problemlos zu Textilien wie Pullovern und anderen Kleidungsstücken gestrickt oder gewebt werden. Ihre Eigenschaften qualifizieren die sogenannten EAFs aber auch für viele weitere Anwendungsgebiete.
Seit Längerem versuchen Materialwissenschaftler, Textilien aus Aerogelen herzustellen. Diese bereits 1931 entwickelten Werkstoffe tragen ihren Namen, weil bei ihrer Herstellung die Flüssigkeit in Gelen durch Gase ausgetauscht wird (Sol-Gel-Verfahren). Aerogele verfügen über eine exzellente Wärmedämmung, weil sie durch diesen Prozess sehr porös sind und extrem wenig Wärme leiten. Die Nasa verwendet diese Materialien daher für ihre Raumfahrzeuge. Fasern aus Aerogelen sind jedoch in der Regel sehr zerbrechlich und eignen sich daher bislang nicht für die Verarbeitung in Textilien. Ihnen fehlen die nötige Festigkeit und Dehnbarkeit, um sie zu praktischen Kleidungsstücken zu weben oder zu stricken. Zudem sind Aerogelfasern nicht maschinenwaschbar und verlieren bei Feuchte ihre isolierende Wirkung. Auch Versuche, verschiedene Aerogele oder Aerogelfasern in niedrigen Konzentrationen mit anderen Materialien zu kombinieren, ergaben bislang nur Textilien mit eher schlechter Wärmedämmung.
Um diese Makel zu überwinden, hat eine Forschungsgruppe um Mingrui Wu von der Zhejiang-Universität in Hangzhou nach Vorbildern für robuste Isolierfasern in der Natur gesucht. Denn viele Tiere in sehr kalten Gegenden besitzen ein spezielles Fell, das sie gleichzeitig wärmt und trocken hält. Dazu zählen etwa Eisbären, deren dämmendes Fell aus Haaren mit einem porösen, weitgehend hohlen Kern und einer dichten Schale besteht. Die Haare sind dadurch flexibel und zugleich robust, schließen Luft effektiv ein und halten Feuchte draußen.
Diesen Aufbau haben Wu und seine Kollegen im Labor nachgebaut. Mit einer sogenannten Gefrierspinn-Methode stellten sie zunächst Polymer-Aerogelfasern mit zahllosen winzigen lamellenförmigen Hohlräumen her. Dafür pressten sie die Polymer-Lösung langen gefrorenen Stangen. Diese gefriertrockneten die Wissenschaftler und umhüllten sie anschließend mit einer dünnen, dehnbaren Gummischicht, die sie durch Wärme trocknen ließen. Für die Kernfasern verwendeten die Forschenden verschiedenfarbige Chitosan-Aerogele, für die Hülle ein transparentes thermoplastisches Polyurethan. Das Resultat waren farbige eingekapselte Aerogelfasern (EAF), deren Aufbau unter dem Mikroskop den Haaren von Eisbären ähnelten.
Anschließend testeten die Wissenschaftler die Eigenschaften dieser neuartigen Fasern. Das Ergebnis: Sie isolieren und dämmen Wärme hervorragend und sind zugleich wasserabweisend, robust und flexibel. Am besten waren die Ergebnisse, wenn die Schutzschicht 80 Mikrometer dick war und die innere Aerogelfaser einen Durchmesser von 600 Mikrometern aufwies. Eine solche Faser kann beispielsweise bis auf das Tausendfache ihrer ursprünglichen Länge gedehnt werden, ohne dabei zu reißen, auszuleiern oder ihre isolierende Wirkung zu verlieren, wie das Team berichtet. Zum Vergleich: Traditionelle Aerogelfasern können nur um etwa zwei Prozent gedehnt werden. Eine einzelne Faser mit einem Durchmesser von 500 Mikrometer war zudem in der Lage, ein Gewicht von 500 Gramm zu tragen, ohne zu reißen.
Diese Eigenschaften qualifizieren das neue Material für die Verarbeitung zu gestrickter oder gewebter Thermokleidung für den täglichen Gebrauch in extrem kalten Regionen. Um dies zu demonstrieren, webten Wu und seine Kollegen aus den von ihnen entwickelten Fasern einen dünnen Pullover mit derselben Strickstruktur wie ein Pullover aus Wollgarn. Der EAF-Pulli isolierte die Wärme ähnlich gut wie eine fünfmal so dicke Daunenjacke, wie die Wissenschaftler berichten. Insgesamt wärmte der Pullover deutlich besser als vergleichbare Kleidungsstücke aus Daunen, Wolle oder Baumwolle. Obendrein konnte er in einer Waschmaschine gewaschen werden, ohne sich zu verändern.
Ein weiterer Vorteil: Die Herstellung der EAF-Fasern ist billiger als bei anderen Garnen, schreiben Zhizhi Sheng und Xuetong Zhang von der Chinesischen Akademie der Wissenschaften in einem Kommentar zur Studie. Ihre poröse Struktur und damit verbundenen Eigenschaften prädestinieren solche eingekapselten Aerogelfasern demnach auch für zahlreiche andere industrielle Anwendungen, beispielsweise zur Adsorption oder Trennung von Stoffen durch Membranen oder für energiespeichernde Materialien. Dafür müsste die Produktion von EAFs jedoch zunächst für Massenprodukte optimiert werden. „Durch die gleichzeitige Weiterentwicklung der Materialien und ihrer Herstellung könnten Aerogelfasern viele potenzielle Anwendungen haben“, schreiben sie.","score: 14.301840120663652, grade_level: '14'","score: 17.635177423195998, grade_levels: ['college_graduate'], ages: [24, 100]",10.1126/science.adj8013,"Aerogels have been considered as an ideal material for thermal insulation. Unfortunately, their application in textiles is greatly limited by their fragility and poor processability. We overcame these issues by encapsulating the aerogel fiber with a stretchable layer, mimicking the core-shell structure of polar bear hair. Despite its high internal porosity over 90%, our fiber is stretchable up to 1000% strain, which is greatly improved compared with that of traditional aerogel fibers (~2% strain). In addition to its washability and dyeability, our fiber is mechanically robust, retaining its stable thermal insulation property after 10,000 stretching cycles (100% strain). A sweater knitted with our fiber was only one-fifth as thick as down, with similar performance. Our strategy for this fiber provides rich possibilities for developing multifunctional aerogel fibers and textiles."
"Wie von Geisterhand könnten sich im Körperinneren Ersatzelemente für Knochen und Gewebe aufbauen lassen: Forscher haben eine spezielle „Tinte“ entwickelt, die in Geweben durch eine Bestrahlung mit fokussierten Ultraschallwellen in biokompatible 3D-Strukturen verwandelt werden kann. Durch verschiedene Anwendungsbeispiele konnten die Entwickler das Potenzial des Verfahrens bereits eindrucksvoll aufzeigen.

Der 3D-Druck boomt: In den letzten Jahren wurden viele spannende Verfahren zu Herstellung komplexer Gebilde aus vielen unterschiedlichen Materialien entwickelt. Die meisten basieren darauf, dass die Substanzen schicht- oder schrittweise aufgetragen werden, um nach und nach eine gewünschte dreidimensionale Struktur hervorzubringen. Daneben wurde aber auch bereits ein alternatives Verfahren entwickelt, das keine stabile Unterlage benötigt: Die dreidimensionalen Objekte entstehen dabei in einem Volumen aus lichtempfindlicher Tinte. Darin bringen präzise fokussierte Strahlen die Substanz an bestimmten Stellen zum Aushärten.
Die Tinte muss bei diesem Konzept allerdings transparent sein und darf nicht durch Objekte verdeckt werden, damit die Lichtstrahlen für die Aushärtung am Fokuspunkt sorgen können. Doch nun hat ein Team aus US-Forschern ein Verfahren entwickelt, das diese Einschränkung umgehen kann. Anstatt Licht nutzen sie zur Aushärtung der Tinte Ultraschallwellen, die für ihr durchdringendes, aber dennoch schonendes Potenzial bekannt sind. Ihre „Deep-Penetrating Acoustic Volumetric Printing“ genannte Druckmethode basiert dabei auf der Entwicklung einer sogenannten Sono-Tinte aus biologisch verträglichen Komponenten. Es handelt sich um eine Hydrogel-Substanz, die spezielle Mikropartikel und Moleküle enthält, die auf Ultraschallwellen reagieren.
„Das System basiert auf einem sonothermischen Effekt, der entsteht, wenn Schallwellen absorbiert werden und dadurch die Temperatur erhöhen. Dies führt dann zur Aushärtung unserer Tinte“, erklärt Co-Autor Junjie Yao von der Duke University in Durham. „Ultraschallwellen können mehr als 100-mal tiefer als Licht eindringen und dennoch räumlich begrenzt werden, sodass wir Gewebe, Knochen und Organe mit hoher räumlicher Präzision erreichen können, die mit lichtbasierten Druckmethoden nicht zugänglich sind“, sagt Yao.
Konkret ist der Ablauf bei dem Konzept: Die viskose Sono-Tinte wird mit einer Spritze am Einsatzort injiziert. Anschließend werden mit einer speziellen Ultraschall-Drucksonde fokussierte Ultraschallwellen in das Tinten-Volumen gesendet. Durch den härtenden Effekt im Fokus können sich dann die gewünschten Strukturen durch die Bewegung der Ultraschall-Drucksonde aufbauen lassen. Je nach Bestrahlungsintensität und Formulierung der Tinte können dabei auch unterschiedliche Härtegrade erreicht werden. So lassen sich etwa dreidimensionale Gebilde mit der Härte von Knochenmaterial erzeugen oder flexiblere Strukturen, die sich mit Organen kombinieren lassen. „Sobald das Gebilde fertig ist, kann man die verbleibende, nicht verfestigte Tinte mit einer Spritze entfernen“, sagt Co-Autor Shrike Zhang von der Harvard Medical School in Cambridge.
Je nach Anwendungszweck kann die Sono-Tinte auch durch bestimmte weitere Zutaten optimiert werden, sagen die Entwickler: Wenn beispielsweise ein Gerüst erstellt werden soll, um die Heilung eines Knochens zu unterstützen oder Knochenschwund auszugleichen, können der Tinte Knochenmineralpartikel zugefügt werden. Außerdem lässt sich einstellen, wie lange haltbar das 3D-Objekt sein soll. Für manche Anwendungen lässt es sich robust gestalten und bei anderen kann es sich nach seiner erfüllten Funktion wieder auflösen.
Das Team hat bereits durch drei Beispielanwendungen das Potenzial des Verfahrens aufgezeigt: Beim ersten Einsatz wurde die Tinte verwendet, um einen Abschnitt in einem entnommenen Ziegenherzen zu versiegeln. Die Sono-Tinte wurde dabei mit einem Katheter zum Einsatzort gebracht. Anschließend wurde das Material durch die fokussierten Ultraschallwellen durch das bedeckende Gewebe hindurch ausgehärtet. Dabei kam es zu keinen Anzeichen von Gewebeschäden am umliegenden Organ, sagen die Forscher. Sobald der Vorgang abgeschlossen war, haftete die Struktur am Herzgewebe und war flexibel genug, um Bewegungen standzuhalten, die den Herzschlag nachahmten.
Als Nächstes testete das Team das Potenzial des Verfahrens zur Knochenregeneration. Dabei kam ein gebrochenes Hühnerbein als Modell zum Einsatz. Auch hier konnte die an den Wirkort gespritzte Sono-Tinte durch die Ultraschallaktivierung von außen in ein Verbindungsmaterial zwischen den Bruchflächen verwandelt werden, ohne umliegendes Gewebe zu schädigen. Bei der dritten Einsatzmöglichkeit, die das Team ausgetestet hat, handelte es sich um ein spezielles Verfahren zur kontinuierlichen Freisetzung von Arzneimitteln aus einem Reservoir im Körper. Die Forscher fügten ihrer Tinte dazu ein gängiges Chemotherapeutikum hinzu und applizierte sie auf experimentelles Lebergewebe. Mit ihrer Sonde härteten sie das Material dann zu einem Hydrogel aus, das den Wirkstoff langsam freisetzen und in das Lebergewebe diffundieren lassen konnte.
Den Forschern zufolge waren die Ergebnisse aller drei Tests ausgesprochen vielversprechend und es sind auch weitere Einsatzmöglichkeiten des Konzepts denkbar. „Da wir durch Gewebe drucken können, ergeben sich viele potenzielle Anwendungen in der Chirurgie und Therapie, die traditionell sehr invasive und disruptive Methoden erfordern“, sagt Yao. „Diese Arbeit eröffnet somit einen aufregenden neuen Weg in der Welt des 3D-Drucks und wir freuen uns darauf, das Potenzial dieses Tools weiter auszuloten.“ Abschließend betonen die Wissenschaftler allerdings, dass noch viel Forschungsarbeit nötig ist: „Wir sind noch weit davon entfernt, dieses Tool in die Klinik zu bringen, aber unsere bisherigen Tests haben das Potenzial dieser Technologie nun auf jeden Fall deutlich gemacht“, so Zhang abschließend.","score: 15.239934113217696, grade_level: '15'","score: 19.112551432029043, grade_levels: ['college_graduate'], ages: [24, 100]",10.1126/science.adi1563,"Volumetric printing, an emerging additive manufacturing technique, builds objects with enhanced printing speed and surface quality by forgoing the stepwise ink-renewal step. Existing volumetric printing techniques almost exclusively rely on light energy to trigger photopolymerization in transparent inks, limiting material choices and build sizes. We report a self-enhancing sonicated ink (or sono-ink) design and corresponding focused-ultrasound writing technique for deep-penetration acoustic volumetric printing (DAVP). We used experiments and acoustic modeling to study the frequency and scanning rate–dependent acoustic printing behaviors. DAVP achieves the key features of low acoustic streaming, rapid sonothermal polymerization, and large printing depth, enabling the printing of volumetric hydrogels and nanocomposites with various shapes regardless of their optical properties. DAVP also allows printing at centimeter depths through biological tissues, paving the way toward minimally invasive medicine."
"Bisherige Klimaanlagen und Wärmepumpen benötigen üblicherweise umweltschädliche Kältemittel. Nun haben Forschende eine mögliche Alternative ausgetestet: eine sogenannte elektrokalorische Wärmepumpe, deren Material in einem elektrischen Feld seine Temperatur ändert. Mit einer Temperaturspanne von bis zu 20,9 Grad Celsius und einer Kühlleistung von 4,2 Watt erreicht die Festkörper-Wärmepumpe eine hohe Effizienz, wie das Team berichtet. Bevor sie kommerziell wettbewerbsfähig wird, sind allerdings weitere Verbesserungen erforderlich.
Kühlgeräte wie Gefrierschränke, Klimaanlagen und Wärmepumpen verbrauchen rund 20 Prozent des weltweiten Stroms. Fast alle bisherigen Systeme beruhen auf dem sogenannten Dampfkompressionsverfahren, das zum einen relativ ineffizient ist und zum anderen ein umweltschädliches fluoriertes Kältemittel erfordert. Durch ihren hohen Stromverbrauch sowie durch austretende Kältemittel sind Kühlgeräte für fast zehn Prozent der weltweiten Treibhausgasemissionen verantwortlich.
Als umweltfreundlichere Alternativ gelten Festkörper-Wärmepumpen, die weder einen Kompressor noch flüssige Kältemittel benötigen. Stattdessen beruhen sie auf sogenannten kalorischen Materialien. Dabei handelt es sich um bestimmte Metallverbindungen, die in einem magnetischen oder elektrischen Feld oder durch mechanische Verformung ihre Temperatur ändern. Obwohl solche Festkörper-Wärmepumpen physikalisch in der Lage sind, deutlich höhere Wirkungsgrade zu erreichen als Kompressions-Wärmepumpen, gibt es bisher noch kein kommerziell wettbewerbsfähiges Modell.
Nun hat ein Team um Junning Li vom Luxemburger Institut für Wissenschaft und Technologie in Belvaux eine elektrokalorische Wärmepumpe mit bisher unerreichter Leistung und Effizienz erstellt. „Unser elektrokalorischer Kühler erreicht eine maximale Temperaturspanne von 20,9 Kelvin und eine maximale Kühlleistung von 4,2 Watt bei einem moderaten elektrischen Feld von 10 Volt pro Mikrometer“, berichten sie. Ähnliche Systeme brachten es bislang auf Temperaturdifferenzen von bis zu 13 Kelvin und eine maximale Kühlleistung von 0,26 Watt.
Als Material verwendete das Team eine poröse Verbindung aus Blei, Scandium und Tantal. Leitet man elektrischen Strom durch dieses Material, erwärmt es sich. Stoppt der Stromfluss, kühlt es sich wieder ab. In den Tests der Forschenden blieb das Material auch bei zahlreichen Durchläufen stabil. Um die Temperaturänderungen zu nutzen, bauten Li und sein Team die Blei-Scandium-Tantalat-Elemente zwischen zwei Kreisläufe von Flüssigkeit, von denen einer erwärmt und einer abgekühlt wird.
Selbst unter Berücksichtigung der Energie, die für das Pumpen der Flüssigkeit benötigt wird, kommt die auf diese Weise konstruierte Wärmepumpe auf einen Wirkungsgrad von 64 Prozent des theoretisch maximal möglichen Wertes, wie die Wissenschaftler berichten. Systeme, die mit Dampfkompression arbeiten, bringen es dagegen aus technischen Gründen auf nur etwa 50 Prozent Wirkungsgrad, die meisten kommen auf weniger als 30 Prozent. Im Vergleich zu anderen Festkörper-Wärmepumpen, die Magnetfelder oder mechanische Verformung nutzen, bietet das elektrokalorische System zudem den Vorteil, dass es kompakter ist, da der elektrische Strom direkt durch das Material geleitet werden kann und keine weiteren Geräte benötigt werden, die ein Magnetfeld erzeugen oder mechanische Kraft ausüben.
„Wir glauben, dass diese Demonstration zeigt, dass die elektrokalorische Kühlung eine vielversprechende Alternative zur Dampfkompressionskühlung ist“, schreibt das Forschungsteam. Bevor das System allerdings marktreif ist, sind weitere Verbesserungen erforderlich. In einem begleitenden Kommentar zur Studie, der ebenfalls in der Fachzeitschrift Science veröffentlicht wurde, weist Jaka Tušek von der Universität Ljubljana in Slowenien darauf hin, dass weitere Forschungen erforderlich sind, um zum einen die Kühlleistung elektrokalorischer Geräte weiter zu erhöhen und zum anderen an der Skalierung zu arbeiten.
Denkbar sei zum einen eine Miniaturisierung, die das System zur Kühlung von elektronischen Geräten interessant machen könnte. „Zum anderen zeigt der Prototyp von Li et al. ein erhebliches Potenzial für die Skalierung auf größere Kühl- und Heizleistungen“, so Tušek. „Obwohl die Leistung dieses Systems bisher hinter den Anforderungen vieler praktischer Anwendungen zurückbleibt, die oft Kühlkapazitäten von mindestens mehreren hundert Watt bei Temperaturspannen von über 20 Kelvin erfordern, unterstreicht die Arbeit das immense Zukunftspotenzial der elektrokalorischen Technologie.“","score: 15.627714352283316, grade_level: '16'","score: 19.932910065237657, grade_levels: ['college_graduate'], ages: [24, 100]",10.1126/science.adi5477,"Cooling through solid-state electrocaloric materials is an attractive replacement for vapor compression. Despite recent efforts, devices that are potentially commercially competitive have not been developed. We present an electrocaloric cooler with a maximum temperature span of 20.9 kelvin and a maximum cooling power of 4.2 watts under the moderate applied electric field of 10 volts per micrometer without any observed breakdown. Moreover, the maximum coefficient of performance, even taking into account energy expended on fluid pumping, reaches 64% of Carnot’s efficiency as long as energy is properly recovered. We believe that this demonstration shows electrocaloric cooling to be a very promising alternative to vapor compression cooling."
"Die Vorhersage des Wetters wird umso ungenauer, je weiter man in die Zukunft blickt – schon nach wenigen Tagen sinkt die Zuverlässigkeit der Prognose. Jetzt haben Forschende mit maschinellem Lernen ein KI-Modell trainiert, das mit geringem Rechenaufwand zuverlässige und schnelle 10-Tage-Wettervorhersagen erstellt. Das Modell mit dem Namen GraphCast wurde anhand historischer Wetterdaten trainiert und schnitt in Tests besser ab als die besten herkömmlichen Systeme. Sogar Extremwetterereignisse konnte es prognostizieren, obwohl es dafür nicht explizit trainiert wurde. Aus Sicht der Forschenden kann das GraphCast herkömmliche Systeme ergänzen und neue Herausforderungen meistern.
Die Dynamik des Wetters ist ein komplexes physikalisches Phänomen, das von zahlreichen Faktoren abhängt, darunter Luftdruck, Luftfeuchtigkeit, Temperatur und Windgeschwindigkeit. Um das Wetter vorherzusagen, kommen bislang aufwendige Modelle zum Einsatz, die diese Faktoren mit Hilfe von Differentialgleichungen beschreiben und in Algorithmen umwandeln. Diese sogenannten numerischen Wettervorhersagemodelle (NWPs) gelten bislang als Goldstandard für möglichst präzise Wettervorhersagen. Sie werden verwendet, um auf Basis der aktuellen Wetterdaten die Prognosen zu erstellen. Allerdings erfordern sie leistungsfähige Großrechner, und jede Verfeinerung benötigt zusätzliche Rechenkapazität.
Ein Team um Remi Lam von Google DeepMind in London hat nun ein Modell mit einem anderen Ansatz entwickelt. Ihr Modell GraphCast basiert auf gekoppelten neuronalen Netzwerken, die anhand historischer Wetterdaten von 1979 bis 2017 trainiert wurden. Dabei lernte das System, wie sich bestimmte Kombinationen von meteorologischen Parametern typischerweise weiterentwickeln und welche Wetterlagen daraus resultieren. Dies erfolgt ohne die komplexen physikalischen Berechnungen, auf denen herkömmliche Modelle basieren. Dadurch benötigt das KI-System deutlich weniger Rechenkapazität: Statt mehrerer Großrechner genügt ein für Deep Learning entwickelter Rechenchip, der kaum größer ist als eine Briefmarke.
Innerhalb von weniger als einer Minute kann GraphCast 10-Tage-Wettervorhersagen mit einer Auflösung von etwa 0,25 Breiten- und Längengraden, also etwa 28 mal 28 Kilometern, generieren. Als Input dient dabei das aktuelle Wetter sowie das Wetter von vor sechs Stunden. Auf dieser Grundlage prognostiziert das Modell, wie das Wetter in sechs Stunden sein wird. Dieses Ergebnis wird wiederum in das Modell zurückgeführt und als neuer Ist-Zustand angenommen, auf dessen Basis erneut das Wetter in weiteren sechs Stunden vorhergesagt wird – und so weiter.
Um die Zuverlässigkeit des KI-Systems zu ermitteln, ließen es die Forschenden gegen das bisher genaueste herkömmliche Wettermodell mit mittlerer Reichweite antreten. Das Ergebnis: „In 90 Prozent der Fälle war GraphCast dem bisher besten deterministischen Model deutlich überlegen“, berichten die Forschenden. „Zudem sagte es Extremwetterereignisse besser voraus, darunter die Zugbahnen tropischer Zyklone sowie extreme Hitze- und Kältewellen, obwohl es dafür nicht eigens trainiert wurde.“ Die Vorhersagen in den Testdurchläufen bezogen sich auf Wetterereignisse im Jahr 2018, die nicht im Trainingsdatensatz enthalten waren.
Bei Vorhersagen für das Jahr 2021 war GraphCast etwas weniger genau, aber immer noch ähnlich gut wie das bisher beste Modell. Die Forschenden schließen daraus, dass es für die Genauigkeit hilfreich ist, wenn die Trainingsdaten möglichst aktuell sind. Tatsächlich verbesserten sich die Vorhersageleistungen für 2021, wenn sie GraphCast zusätzlich mit Wetterdaten bis 2020 trainierten. „Ein regelmäßiges erneutes Training anhand aktueller Wetterdaten ermöglicht, auch Wetterphänomene zu erfassen, die sich mit der Zeit ändern, beispielsweise durch den Klimawandel“, schreibt das Team.
Ein Schwachpunkt von GraphCast ist jedoch bislang der Umgang mit Unsicherheit, wie Lam und seine Kollegen einräumen. Zwar werden die Vorhersagen wie bei den normalen Wetterprognosen unzuverlässiger, je weiter sie in die Zukunft reichen, doch das Modell ist bislang nicht in der Lage, den Grad der Unsicherheit anzugeben. „Dies ist ein wichtiger nächster Schritt in der weiteren Entwicklung“, so die Forschenden. Zudem wollen sie die räumliche Auflösung des Modells zukünftig noch verfeinern.
Aus Sicht des Teams stellt GraphCast einen Wendepunkt bei der Wettervorhersage dar. Dennoch sei es nicht dazu gedacht, traditionelle Methoden zu ersetzen. „Die bisherigen Vorhersagemethoden wurden über Jahrzehnte entwickelt, in vielen realen Szenarien getestet, und bieten zahlreiche Möglichkeiten, von denen wir viele bislang noch nicht einbezogen haben“, schreiben sie. „Unsere Arbeit soll ein Beweis sein, dass maschinelles Lernen in der Lage ist, die Herausforderungen realer Vorhersageprobleme zu meistern und das Potenzial hat, die derzeit besten Methoden zu ergänzen und zu verbessern.“","score: 14.693336850435244, grade_level: '15'","score: 17.822854128198365, grade_levels: ['college_graduate'], ages: [24, 100]",10.1126/science.adi2336,"Global medium-range weather forecasting is critical to decision-making across many social and economic domains. Traditional numerical weather prediction uses increased compute resources to improve forecast accuracy but does not directly use historical weather data to improve the underlying model. Here, we introduce GraphCast, a machine learning–based method trained directly from reanalysis data. It predicts hundreds of weather variables for the next 10 days at 0.25° resolution globally in under 1 minute. GraphCast significantly outperforms the most accurate operational deterministic systems on 90% of 1380 verification targets, and its forecasts support better severe event prediction, including tropical cyclone tracking, atmospheric rivers, and extreme temperatures. GraphCast is a key advance in accurate and efficient weather forecasting and helps realize the promise of machine learning for modeling complex dynamical systems."
"Brillanter Farbschimmer und goldener Glanz: Forscher haben das optische Geheimnis eines Glasfundes aus der Römerzeit gelüftet. Der lange Schlummer im Boden hat demnach zur Bildung einer raffinierten Patina-Schicht geführt, zeigen die Analysen. Für die Brillanz sind dabei sogenannte photonische Kristalle verantwortlich, die offenbar durch ein Wechselspiel von Korrosion und Kristallisation entstanden sind. Die Studienergebnisse könnten damit auch aus technischer Sicht interessant sein, sagen die Wissenschaft.

Transparent, bunt und filigran: Schon in der Antike wurden elegante Gefäße aus Glas hergestellt. Die Funde besitzen dabei nicht mehr ganz die Schönheit wie in der damaligen Zeit, könnte man meinen. Doch erstaunlicherweise kann auch das Gegenteil der Fall sein: In der Archäologie ist das Phänomen bekannt, dass manche antike Glasobjekte im Verlauf der vielen Jahrhunderte einen Glanz und Schimmer entwickelt haben, den sie im Originalzustand noch nicht besaßen. Offenbar führten bestimmte Umwelteinflüsse im Boden zu oberflächlichen Materialveränderungen der Glassubstanz, die diese optischen Effekte verursacht haben.
Diesem Phänomen hat nun ein Team aus US-amerikanischen und italienischen Materialforschern eine Studie gewidmet. Wie sie berichten, stand dabei ein Besuch im Italienischen Institut für Technologie in Genua am Anfang. „Dort sorgte ein funkelndes Ausstellungsstück aus Glas im Regal für Aufmerksamkeit“, sagt Seniorautor Fiorenzo Omenetto von der Tufts University in Massachusetts. Wie er und seine Kollegen erfuhren, handelt es sich um ein Fragment eines römischen Glasobjekts, das in der Nähe der antiken Stadt Aquileia in Italien geborgen wurde. Das Glasmaterial besitzt auf der Oberfläche Strukturen, die für brillante Farbreflexe sorgen und vor allem für einen goldenen Glanz. Dadurch bekam das Fundstück den Spitznamen „Wow-Glas“.
Durch den Verdacht, dass interessante optische Materialeigenschaften den Effekten zugrunde liegen könnten, beschloss das Team, das Objekt genauer zu untersuchen. Zunächst konnten sie durch chemische Analysen winziger Materialproben Hinweise auf das Alter und die Herkunft gewinnen: Das Glasobjekt war demnach zwischen dem 1. Jahrhundert v. Chr. und dem 1. Jahrhundert n. Chr. hergestellt worden. Durch Vergleiche der Eigenschaften konnte das Team zudem belegen, dass Sand aus Ägypten die Grundlage des Glasmaterials gebildet hat. Das Hauptinteresse der Materialforscher richtete sich allerdings auf die millimeterdicke Patina, die das Objekt überzieht. Um sie zu analysieren, nutzte das Team ein neuartiges Rasterelektronenmikroskop, das nicht nur die Struktur des Materials aufdecken kann, sondern auch eine Elementaranalyse ermöglicht. „Im Grunde ist es ein Instrument, das einem mit hoher Auflösung sagen kann, woraus das Material besteht und wie die Elemente zusammengesetzt sind“, sagt Erst-Autorin Giulia Guidettia von der Tufts University.
Wie die Forscher berichten, offenbarte sich, dass das Geheimnis der optischen Qualitäten des Wow-Glases eine Struktur aus photonischen Kristallen ist. Dabei handelt es sich um raffinierte Anordnungen von Atomen, die Licht auf ganz bestimmte Weise filtern und reflektieren. „Es ist faszinierend, dass wir es hier mit Glas zu tun haben, das zwei Jahrtausende lang im Boden lag und nun ein Lehrbuchbeispiel für nanophotonische Merkmale repräsentiert“, sagt Omenetto. Konkret zeigen die Analysen: Die Patina besteht aus hochregelmäßigen, mikrometerdicken Siliziumdioxidschichten in abwechselnd hoher und niedriger Dichte. Es ähnelt damit Strukturen, die als Bragg-Stapel bekannt sind, erklären die Forscher. Jeder Schicht dieses Bragg-Stapels reflektiert dabei einen bestimmte, relativ schmalen Wellenlängenausschnitt des Lichts. Die vertikale Anordnung von Dutzenden von Bragg-Stapeln führt dann im Fall des Wow-Glases zu dem goldenen Glanz der Patina, sagen die Wissenschaftler.
Doch wie hat sich diese Struktur im Laufe der Zeit gebildet? Die Forscher gehen von einem anhaltenden Wechselspiel aus: „Wahrscheinlich liegt ein Prozess der Korrosion und des Wiederaufbaus zugrunde“, sagt Guidetti. „Der umgebende Lehm und Wasser bestimmten die Diffusion von Mineralien und eine zyklische Korrosion der Kieselsäure im Glas. Gleichzeitig erfolgte aber auch ein zyklischer Aufbau von 100 Nanometer dicken Schichten, die die Kieselsäure und Mineralien verbinden. Das Ergebnis ist dann diese unglaublich geordnete Struktur aus Hunderten von Schichten kristallinen Materials“, erklärt der Wissenschaftler.
Dem Team zufolge hat die Studie damit nicht nur ein archäologisches Phänomen beleuchtet – möglicherweise lassen sich die Einblicke auch nutzen. Denn photonische Kristall-Systeme haben eine erhebliche Bedeutung für die Entwicklung moderner Technologien. Da sie so konstruiert werden können, dass sie bestimmte Wellenlängen des Lichts blockieren und andere passieren lassen, werden sie in Filtern, Lasern, Spiegeln und Antireflexionsgeräten verwendet. Außerdem besitzen sie Potenzial bei Entwicklungen der optischen Kommunikation in Computern und über das Internet. Hinweise auf neue Materialien und Herstellungsmöglichkeiten sind deshalb wichtig. Die Einblicke in die Patina-Entwicklung bei dem antiken Glas könnten somit Hinweise liefern, wie sich spezielle photonische Kristall-Materialien züchten lassen, so die Wissenschaftler.","score: 13.5528024980484, grade_level: '14'","score: 16.419367681498827, grade_levels: ['college_graduate'], ages: [24, 100]",10.1073/pnas.2311583120,"Ancient glass objects typically show distinctive effects of deterioration as a result of environmentally induced physicochemical transformations of their surface over time. Iridescence is one of the distinctive signatures of aging that is most commonly found on excavated glass. In this work, we present an ancient glass fragment that exhibits structural color through surface weathering resulting in iridescent patinas caused by silica reprecipitation in nanoscale lamellae. This archaeological artifact reveals an unusual hierarchically assembled photonic crystal with extremely ordered nanoscale domains, high spectral selectivity, and reflectivity (~90%), that collectively behaves like a gold mirror. Optical characterization paired with nanoscale elemental analysis further underscores the high quality of this structure providing a window into this sophisticated natural photonic crystal assembled by time."
"Video: Ausgelöst durch Strom oder Licht, kann das thermoresponsive Hydrogel mit integriertem Graphen-Netzwerk Bewegungsaufgaben erledigen. © Margarethe Hauck
Kräftig und dennoch geschmeidig: Von natürlichen Muskeln inspiriert, haben Forscher Hydrogele in leistungsstarke Motorik-Elemente verwandelt, die sich durch elektrischen Strom oder Wärmestrahlung aktivieren lassen. Das hauptsächlich aus Wasser bestehende Material wurde dazu mit feinen Röhrchen-Strukturen ausgerüstet. Sie ermöglichen schnelle Änderungen des Wassergehalts und damit des Volumens, um Bewegungsaufgaben auszuführen. Das neuartige Konzept könnte nun Entwicklungen in der Soft-Robotik voranbringen, sagen die Wissenschaftler.

Hartes Metall und steife Kunststoffe haben lange die Entwicklung der Robotik geprägt – doch bereits seit einiger Zeit hat dort eine Technologie Einzug gehalten, die sich an den eher sanften Konzepten und Materialien der Natur orientiert: Entwicklungen der Soft-Robotik ermöglichen Anwendungen, die herkömmliche Systeme mit ihren starren Strukturen nicht bieten. Denn sie können mit empfindlichen Objekten umgehen oder sich flexibel und zerstörungsfrei in komplexen Umgebungen bewegen. Dadurch besitzen sie vielfältiges Anwendungspotenzial etwa in der Industrie oder Medizin. Zur Bewegung dieser Systeme kommen Einheiten zum Einsatz, die die Funktion von Muskeln übernehmen. Dabei gibt es bereits Konzepte, die auf pneumatischen oder hydraulischen Effekten beruhen. Ein Forscherteam unter der Leitung der Christian-Albrechts-Universität zu Kiel (CAU) widmet sich hingegen dem Potenzial von Hydrogelen als motorische Einheiten in der Soft-Robotik.
Es handelt sich dabei um Gebilde auf der Grundlage von Polymerstoffen, die enorme Wassermengen aufnehmen können. Sie ähneln damit dem Aufbau und der Konsistenz von Körpergeweben wie Muskeln. Prinzipiell können thermoresponsive Hydrogele auch zu wiederholten Kontraktionen angeregt werden. Ab einer Temperatur von 32 Grad Celsius geben sie Wasser ab und verringern so ihr Volumen um bis zu 90 Prozent. Sinkt die Temperatur, nimmt das Hydrogel das Wasser dann wieder auf und kehrt zu seiner ursprünglichen Größe zurück. „Im Grunde haben diese Hydrogele damit schon das Potenzial, wie ein menschlicher Muskel zu funktionieren“, sagt Erst-Autorin Margarethe Hauck von der CAU. Doch für den Einsatz als weiche Antriebselemente für neuartige Soft-Roboter eignen sich die bisherigen Hydrogele nicht. Denn der Prozess der Volumenänderung ist viel zu langsam für die meisten praktischen Anwendungen.
Um den Ablauf der Veränderung des Wassergehalts zu beschleunigen und steuerbar zu machen, haben die Materialforscher nun ein Netzwerk aus winzigen Röhrchen in ihre Hydrogele integriert. Die Mikro-Leitungen werden dabei durch Zinkoxid gebildet und verfügen über eine dünne Graphen-Beschichtung. „Unser Ansatz folgt dabei dem Vorbild der Natur“, sagt Seniorautor Fabian Schütt von der CAU. „Pflanzen und Tiere besitzen vernetzte, hierarchisch aufgebaute Kanalsysteme für einen effektiven Stoff- und Flüssigkeitstransport, wie etwa das Kapillarsystem im Menschen. Nach diesem Prinzip können wir auch die Eigenschaften von weichen Materialien verbessern“, sagt Schütt.
Wie die Forscher erklären, kann das Wasser durch die miteinander verbundenen Röhrchen sehr effektiv aus dem Hydrogel ab- beziehungsweise hineinfließen und ermöglicht so eine schnelle Änderung des Volumens. Die Graphen-Beschichtung des feinen Netzwerks macht es außerdem elektrisch und thermisch leitfähig. So können die Forscher das Hydrogel durch Strom oder Strahlung effektiv erwärmen und somit die Volumenänderung auf Knopfdruck steuern. „Damit lässt sich das Material deutlich schneller als bisher verkleinern und vergrößern“, sagt Co-Erstautorin Lena Saure von der CAU. Schütt ergänzt dazu: „Dies ist ein entscheidender Aspekt, wenn es um die praktische Anwendung solcher weichen Aktoren geht. Wir arbeiten nun auch daran, diesen Prozess weiter zu beschleunigen“.
Das Team konnte die Leistungsfähigkeit des Konzepts bereits durch Beispielanwendungen verdeutlichen. So kann etwa ein Greifer aus diesem Material durch Aktivierung mittels Lichtenergie einen Gegenstand packen, anheben und durch die Abkühlung anschließend wieder freisetzen. „Dies verdeutlicht, dass die Steuerung des Materials auch kabellos und sehr flexibel funktionieren kann“, sagt Saure. Das Hydrogel zeichnet sich auch generell durch seine Anpassungsfähigkeit aus, betonen die Entwickler: Ein anderer Aufbau der inneren Röhren oder eine höhere oder niedrigere Konzentration des Graphens verändern die Reaktionszeiten oder die ausgeübten Kräfte.
„Zum ersten Mal können wir ein Hydrogel sowohl mit Geschwindigkeit als auch mit Kraft bewegen. Zusammen mit seinen responsiven Eigenschaften, mit denen es selbstständig auf äußere Reize reagiert, bringt uns das einen entscheidenden Schritt näher zu intelligenten, leistungsfähigen Materialien für die Soft-Robotik“, sagt Co-Autor Rainer Adelung von der CAU. Durch die gewebeähnlichen Eigenschaften des Hydrogels sehen die Forscher dabei vor allem Anwendungspotenzial im medizinischen Bereich: etwa in der assistierten Chirurgie oder in der künstlichen Gewebekonstruktion.","score: 14.64821975821976, grade_level: '15'","score: 17.745589050589047, grade_levels: ['college_graduate'], ages: [24, 100]",10.1002/adma.202302816,"Hydrogel‐based soft actuators can operate in sensitive environments, bridging the gap of rigid machines interacting with soft matter. However, while stimuli‐responsive hydrogels can undergo extreme reversible volume changes of up to ≈90%, water transport in hydrogel actuators is in general limited by their poroelastic behavior. For poly(N‐isopropylacrylamide) (PNIPAM) the actuation performance is even further compromised by the formation of a dense skin layer. Here it is shown, that incorporating a bioinspired microtube graphene network into a PNIPAM matrix with a total porosity of only 5.4% dramatically enhances actuation dynamics by up to ≈400% and actuation stress by ≈4000% without sacrificing the mechanical stability, overcoming the water transport limitations. The graphene network provides both untethered light‐controlled and electrically powered actuation. It is anticipated that the concept provides a versatile platform for enhancing the functionality of soft matter by combining responsive and 2D materials, paving the way toward designing soft intelligent matter."
"Blumig-frisch oder doch eher süßlich-rosig? Geruchsmoleküle in der Luft aktivieren eine Vielzahl verschiedener Rezeptoren in unserer Nase und erzeugen damit komplexe Geruchswahrnehmungen. Nun ist es Forschenden mit Hilfe maschinellen Lernens gelungen, die molekulare Struktur tausender Geruchsstoffe mit ihren Wahrnehmungseigenschaften in Verbindung zu bringen. Eine von ihnen trainierte künstliche Intelligenz konnte unbekannte Gerüche allein anhand der Molekülstruktur der Duftstoffe genauer beschreiben als trainierte menschliche Test-Schnüffler.
Für viele unserer Sinne lässt sich relativ genau vorhersagen, welcher äußere Reiz zu welcher Wahrnehmung führt. Licht einer bestimmten Wellenlänge hat eine bestimmte Farbe und Schall mit einer bestimmten Frequenz nehmen wir als bestimmte Tonhöhe wahr. Komplizierter ist es beim Geruchssinn: Über 400 verschiedene Geruchsrezeptoren in unserer Nase reagieren auf eine unglaubliche Vielfalt chemischer Moleküle. Dabei können sich selbst strukturell sehr ähnliche Moleküle geruchlich stark voneinander unterscheiden. Bislang war es deshalb nicht möglich, für neue Substanzen zuverlässig vorherzusagen, ob und wie sie riechen.
Das hat ein Team um Brian Lee vom Google Research Brain Team in Cambridge nun geändert. Anhand eines Trainingsdatensatzes mit 5000 detailliert beschriebenen Geruchsstoffen trainierten die Forschenden ein KI-Modell darauf, die Molekülstruktur mit den Geruchseigenschaften in Verbindung zu bringen und mit Worten zu beschreiben. Auf diese Weise erstellten sie eine Geruchskarte, die den komplexesten unserer Sinne vorhersagbar und maschinell erfassbar macht.
„Das Modell schließt uralte Lücken im wissenschaftlichen Verständnis des Geruchssinns“, sagt Co-Autor Joel Mainland vom Monell Chemical Senses Center in Philadelphia. „In der Geruchsforschung besteht seit langem die Frage, welche physikalischen Eigenschaften ein Molekül so riechen lassen, wie es das Gehirn wahrnimmt. Wenn nun aber ein Computer die Beziehung zwischen der Form der Moleküle und der Art und Weise, wie wir ihren Geruch wahrnehmen, erkennen kann, dann kann die Wissenschaft dieses Wissen nutzen, um zu verstehen, wie unser Gehirn und unsere Nase zusammenarbeiten.“
Um das Modell zu validieren, schulte das Forschungsteam 15 menschliche Probanden darin, Gerüche mit einer Auswahl von 55 Worten zu beschreiben, darunter blumig, muffig, moschusartig, rauchig, fleischig und erdig. Zusätzlich sollten sie jeweils auf einer Skala von eins bis fünf angeben, wie ausgeprägt die jeweilige Geruchsnuance war. Im Anschluss ließ das Team sowohl die KI als auch die menschlichen Tester 400 neue Gerüche bewerten. Die Künstliche Intelligenz erhielt dabei jeweils die Molekülstruktur, die menschlichen Schnüffler eine aufgereinigte Probe der jeweiligen Substanz.
Das Ergebnis: „Das von der KI erzeugte Geruchsprofil stimmte besser mit dem Mittelwert der menschlichen Beschreibungen überein als jeder menschliche Tester einzeln“, berichten die Autoren. Bei mehr als der Hälfte der getesteten Moleküle schnitt das maschinelle Modell besser ab als die menschlichen Probe-Schnüffler. „Das überraschendste Ergebnis ist jedoch, dass das Modell auch bei Geruchsaufgaben erfolgreich war, für die es nicht trainiert war“, sagt Mainland. „Der Clou war, dass wir es nie darauf trainiert hatten, die Geruchsstärke zu erlernen, es aber trotzdem genaue Vorhersagen machen konnte.“ Für 500.000 potenzielle Duftmoleküle, die bislang noch nicht beschrieben wurden, konnte das Modell klassifizieren, welche potenziell trotz sehr unterschiedlicher Molekülstruktur ähnlich riechen und welche sich trotz nahezu identischer Struktur geruchlich stark voneinander unterscheiden.
„Wir hoffen, dass diese Karte Forschenden aus der Chemie, den Geruchsneurowissenschaften und der Psychophysik als neues Instrument zur Erforschung der Natur des Geruchsempfindens nützlich sein wird“, so Mainland. Unter anderem könnten die Vorhersagen des Modells dabei helfen, neue Düfte für die Parfümindustrie zu kreieren, funktionelle Gerüche beispielsweise zur Abwehr von Insekten zu erzeugen oder neue Geschmacksstoffe herzustellen. „Unser Ansatz ermöglicht Geruchsvorhersagen auf breiter Basis und ebnet den Weg zur Digitalisierung von Gerüchen“, schreiben die Forschenden.","score: 15.300137931034481, grade_level: '15'","score: 19.672465517241378, grade_levels: ['college_graduate'], ages: [24, 100]",10.1126/science.ade4401,"Mapping molecular structure to odor perception is a key challenge in olfaction. We used graph neural networks to generate a principal odor map (POM) that preserves perceptual relationships and enables odor quality prediction for previously uncharacterized odorants. The model was as reliable as a human in describing odor quality: On a prospective validation set of 400 out-of-sample odorants, the model-generated odor profile more closely matched the trained panel mean than did the median panelist. By applying simple, interpretable, theoretically rooted transformations, the POM outperformed chemoinformatic models on several other odor prediction tasks, indicating that the POM successfully encoded a generalized map of structure-odor relationships. This approach broadly enables odor prediction and paves the way toward digitizing odors."
"Weiß macht bekanntlich am wenigsten heiß – andere Farben absorbieren hingegen Licht und führen zur Erwärmung von Objekten. Um dieses Problem zu umgehen, haben sich Forscher nun vom Farb-Konzept der Flügel des Morphofalters inspirieren lassen. Die speziellen optischen Eigenschaften ihrer Folie können brillante Farbkraft hervorbringen und dennoch für einen passiven Kühleffekt sorgen. Das Konzept könnte somit bunte Fassaden oder Autos ermöglichen, ohne den Kühlaufwand zu steigern, sagen die Entwickler.

Wenn die Sommersonne vom Himmel brennt, ist bekanntlich Kühlung gefragt: Abschattungen, Ventilatoren oder Klimaanlagen müssen Objekte und Menschen vor Überhitzung schützen. Dabei ist der Aufwand oft hoch und Kühlsysteme verbrauchen viel Energie und Ressourcen. Um den Bedarf einzuschränken, sollten Oberflächen deshalb von vornherein möglichst so konzipiert sein, dass sie sich wenig erwärmen. Dabei hat sich bekanntlich die Farbe Weiß bewährt. Denn sie basiert auf einer breiten Reflexion des Lichtspektrums, wodurch eine Erwärmung von Oberflächen eingeschränkt wird. Bei bunten Farben ist das leider nicht der Fall: Wenn traditionelle Pigmentfarben beispielsweise Blau erzeugen, werden nur die entsprechenden Wellenlängen abgestrahlt – andere hingegen absorbiert, wodurch es zur Erwärmung kommt.
Um das Problem zu umgehen, hat das chinesische Forscherteam um Guo Ping Wang von der Universität Shenzhen nun das Potenzial einer anderen Form der Farberzeugung in der Natur ausgelotet. Statt durch Pigmente und die Absorption bestimmter Wellenlängen basieren Strukturfarben auf der optischen Beeinflussung des Lichts durch feine Oberflächenstrukturen. Das Konzept wurde schon für effektive passive Wärmemanagementstrategien genutzt. Doch dabei blieb es meist bei der Farbe Weiß. „Eine Strategie zur Abkühlung farbiger Objekte bei gleichzeitiger Erhaltung hervorragender Farbeigenschaften mit hoher Sättigung und aus vielen Blickwinkeln stellt nach wie vor eine große Herausforderung dar“, schreiben die Forscher.
Bei ihrer neuen Entwicklung haben sie sich nun an den Strukturen der Flügel eines besonders satt-blauen Schmetterlings orientiert. Beim Morphofalter führen spezielle Nanostrukturen der Schuppen-besetzten Flügel zu dieser Farbe, die auch aus verschieden Betrachtungswinkeln kräftig erscheint. Dem Team gelang es nun, dieses Konzept künstlich nachzuahmen. Sie setzten es dabei in die Form einer bio-inspirierten Folie aus Schichtstrukturen um. Zuoberst liegen dabei mehrere Schichten aus Titandioxid- und Aluminiumdioxid-Material. Darauf folgt eine Lage aus strukturiertem Glas mit speziellen optischen Eigenschaften. Zuunterst wird die Folie von einer hauchdünnen Silberschicht abgeschlossen. Sie sorgt für eine grundlegende Reflexion und damit eine stark eingeschränkte Lichtabsorption.
Wie die Forscher erklären, wird die Farbe der Folie dadurch bestimmt, wie die Titandioxid- und Aluminiumdioxid-Schichten und die strukturierte Glas-Lage auf einfallendes Licht reagieren. Durch leichte Anpassungen des Systems lassen sich ihnen zufolge dabei auch verschiedene Farben erzeugen. Um Blau – ähnlich wie beim Vorbild des Morphofaltes – hervorzubringen, sind das mehrschichtige Titandioxid und Aluminiumdioxid-Material so angeordnet, dass sie gelbes Licht in einem sehr engen Winkelbereich reflektieren. Die Glasstrukturen streuen hingegen die blauen Lichtanteile über einen weiten Bereich. Unterm Strich ergibt sich dadurch ein sattes Blau, erklärt das Team.
„Dank der von uns entwickelten Schichtstruktur konnten wir die passive Kühlmethode von farblosen Objekten auf farbige Objekte erweitern und gleichzeitig Farbkraft gewährleisten“, resümiert Wang. „Mit anderen Worten: Unsere blaue Folie sieht aus einem großen Betrachtungswinkelbereich blau aus und erwärmt sich kaum, da sie das gesamte Licht reflektiert. Darüber hinaus konnten wir durch das Design der Strukturen eine hohe Sättigung und Helligkeit erreichen“, sagt der Wissenschaftler.
Um den Wärmeschutz-Effekt der Technologie zu dokumentieren, erstellten die Forscher verschiedenfarbige Folien, die sie im Freien auf Oberflächen wie Dächern, Autos, Stoffen und Mobiltelefonen platzierten. Mithilfe von Thermoelementsensoren und Infrarotkameras zur Temperaturmessung konnten sie dabei belegen, dass sich die Beschichtungen deutlich weniger aufheizten als Vergleichsmaterialien und dadurch auch Objekte vor Erwärmung bewahren konnten. Beispielsweise zeigte sich, dass die blaue Version der Folie im Sonnenschein etwa 26 Grad Celsius kühler blieb als herkömmlichem blauen Autolack.
„In Gebäuden werden große Energiemengen für Kühlung und Belüftung verbraucht und der Betrieb der Klimaanlage in Elektroautos kann die Reichweite erheblich reduzieren. Unsere Kühlfolien könnten somit zukünftig dazu beitragen, die Energienachhaltigkeit und CO2-Neutralität voranzutreiben“, sagt Wang. Diesem Ziel wollen er und sein Team sich nun durch weitere Optimierungen ihres Systems widmen. So könnte beispielsweise der Ersatz des Silbers durch Aluminium Kosten sparen und auch die mechanischen Eigenschaften ihres „coolen“ Materials wollen die Forscher nun weiter verbessern.","score: 13.763157894736842, grade_level: '14'","score: 17.771842105263154, grade_levels: ['college_graduate'], ages: [24, 100]",10.1364/OPTICA.487561,"The colors of objects originate from reflection of light in certain directions and absorption of undesired light, producing substantial heating. Extensive efforts are expended to cool colorful objects to reduce their energy consumption. However, a strategy to cool colorful objects below ambient temperature while fully preserving their excellent color properties with high saturation and large viewing fields remains a significant challenge. Inspired by Morpho butterflies, we report a robust configuration consisting of a multilayer, disordered structure, and total reflection layer to cool colorful objects to overcome this challenge. Numerical simulations and experimental measurements demonstrated that our configuration can cool a class of colorful objects not only to a temperature of approximately 2°C below ambient temperature, but also with ultrahigh saturation (100%) and a wide range of viewing angles (±60∘). These colorful cooling films have significant potential for energy sustainability in buildings, vehicles, facilities, and equipment."
